{"母體數": 100, "密度(Density)": 0.16575757575757577, "互惠率(Reciprocity)": 0.6873857404021938, "傳遞性(Transitivity)": 0.4093452714045887, "0-Degree": 2, "團體凝聚力(Avg Clustering)": 0.4720666668027932}