{
    "母體數": 200,
    "0-Degree": 7,
    "密度(Density)": 0.11891959798994975,
    "密度去0(Density_0)": 0.12772560449050085,
    "互惠率(Reciprocity)": 0.6841326854003803,
    "傳遞性(Transitivity)": 0.38623637938327054,
    "團體凝聚力(Avg Clustering)": 0.4184340601164984,
    "同質性係數(Assortativity)": -0.0780713623550246,
    "核心邊陲結構適配度(Core-periphery Structure Fit)": 0.6594202898550725
}