{
    "母體數": 200,
    "0-Degree": 8,
    "密度(Density)": 0.11756281407035175,
    "密度去0(Density_0)": 0.12759053228621292,
    "互惠率(Reciprocity)": 0.6834793759350288,
    "傳遞性(Transitivity)": 0.38765091057908735,
    "團體凝聚力(Avg Clustering)": 0.4198545845257149,
    "同質性係數(Assortativity)": -0.07740900095052287,
    "核心邊陲結構適配度(Core-periphery Structure Fit)": 0.6594202898550725
}