{
    "母體數": 200,
    "0-Degree": 7,
    "密度(Density)": 0.11891959798994975,
    "密度去0(Density_0)": 0.12772560449050085,
    "互惠率(Reciprocity)": 0.6841326854003803,
    "傳遞性(Transitivity)": 0.38623637938327054,
    "團體凝聚力(Avg Clustering)": 0.4184340601164984,
    "同質性係數(Assortativity)": -0.0780713623550246,
    "核心邊陲結構適配度(Core-periphery Structure Fit)": 0.6594202898550725,
    "Greedy": {
        "Group_Count": 3,
        "Group_Size": [
            85,
            80,
            28
        ],
        "Modularity_Score_Q": 0.161745,
        "Cluster Density": {
            "Group_0": 0.16134453781512606,
            "Group_1": 0.2189873417721519,
            "Group_2": 0.18386243386243387
        },
        "Inter-cluster Edge Density": {
            "Group_0": {
                "Group_1": 0.08514705882352941,
                "Group_2": 0.07436974789915966
            },
            "Group_1": {
                "Group_0": 0.08676470588235294,
                "Group_2": 0.08571428571428572
            },
            "Group_2": {
                "Group_0": 0.10714285714285714,
                "Group_1": 0.11830357142857142
            }
        }
    },
    "Louvain": {
        "Group_Count": 4,
        "Group_Size": [
            71,
            67,
            29,
            26
        ],
        "Modularity_Score_Q": 0.164685,
        "Cluster Density": {
            "Group_0": 0.2056338028169014,
            "Group_1": 0.23111714156490276,
            "Group_2": 0.2204433497536946,
            "Group_3": 0.18769230769230769
        },
        "Inter-cluster Edge Density": {
            "Group_0": {
                "Group_1": 0.09817111624973723,
                "Group_2": 0.11413307430791647,
                "Group_3": 0.06121343445287107
            },
            "Group_1": {
                "Group_0": 0.08576834139163338,
                "Group_2": 0.11065362840967576,
                "Group_3": 0.05453501722158439
            },
            "Group_2": {
                "Group_0": 0.12190383681398738,
                "Group_1": 0.11271230056613485,
                "Group_3": 0.05570291777188329
            },
            "Group_3": {
                "Group_0": 0.0790899241603467,
                "Group_1": 0.0843857634902411,
                "Group_2": 0.06631299734748011
            }
        }
    },
    "Walktrap": {
        "Group_Count": 11,
        "Group_Size": [
            93,
            86,
            4,
            2,
            2,
            1,
            1,
            1,
            1,
            1,
            1
        ],
        "Modularity_Score_Q": 0.146908,
        "Cluster Density": {
            "Group_0": 0.19413277232351567,
            "Group_1": 0.18686730506155952,
            "Group_2": 0.4166666666666667,
            "Group_3": 1.0,
            "Group_4": 0.5,
            "Group_5": 0.0,
            "Group_6": 0.0,
            "Group_7": 0.0,
            "Group_8": 0.0,
            "Group_9": 0.0,
            "Group_10": 0.0
        },
        "Inter-cluster Edge Density": {
            "Group_0": {
                "Group_1": 0.10702675668917229,
                "Group_2": 0.02956989247311828,
                "Group_3": 0.03225806451612903,
                "Group_4": 0.016129032258064516,
                "Group_5": 0.0,
                "Group_6": 0.0,
                "Group_7": 0.010752688172043012,
                "Group_8": 0.0,
                "Group_9": 0.0,
                "Group_10": 0.0
            },
            "Group_1": {
                "Group_0": 0.09802450612653163,
                "Group_2": 0.0,
                "Group_3": 0.011627906976744186,
                "Group_4": 0.0,
                "Group_5": 0.011627906976744186,
                "Group_6": 0.023255813953488372,
                "Group_7": 0.0,
                "Group_8": 0.0,
                "Group_9": 0.0,
                "Group_10": 0.0
            },
            "Group_2": {
                "Group_0": 0.03763440860215054,
                "Group_1": 0.0,
                "Group_3": 0.0,
                "Group_4": 0.0,
                "Group_5": 0.0,
                "Group_6": 0.0,
                "Group_7": 0.0,
                "Group_8": 0.0,
                "Group_9": 0.0,
                "Group_10": 0.0
            },
            "Group_3": {
                "Group_0": 0.026881720430107527,
                "Group_1": 0.0,
                "Group_2": 0.0,
                "Group_4": 0.0,
                "Group_5": 0.0,
                "Group_6": 0.0,
                "Group_7": 0.0,
                "Group_8": 0.0,
                "Group_9": 0.0,
                "Group_10": 0.0
            },
            "Group_4": {
                "Group_0": 0.021505376344086023,
                "Group_1": 0.0,
                "Group_2": 0.0,
                "Group_3": 0.0,
                "Group_5": 0.0,
                "Group_6": 0.0,
                "Group_7": 0.0,
                "Group_8": 0.0,
                "Group_9": 0.0,
                "Group_10": 0.0
            },
            "Group_5": {
                "Group_0": 0.0,
                "Group_1": 0.0,
                "Group_2": 0.0,
                "Group_3": 0.0,
                "Group_4": 0.0,
                "Group_6": 0.0,
                "Group_7": 0.0,
                "Group_8": 0.0,
                "Group_9": 0.0,
                "Group_10": 0.0
            },
            "Group_6": {
                "Group_0": 0.0,
                "Group_1": 0.0,
                "Group_2": 0.0,
                "Group_3": 0.0,
                "Group_4": 0.0,
                "Group_5": 0.0,
                "Group_7": 0.0,
                "Group_8": 0.0,
                "Group_9": 0.0,
                "Group_10": 0.0
            },
            "Group_7": {
                "Group_0": 0.0,
                "Group_1": 0.0,
                "Group_2": 0.0,
                "Group_3": 0.0,
                "Group_4": 0.0,
                "Group_5": 0.0,
                "Group_6": 0.0,
                "Group_8": 0.0,
                "Group_9": 0.0,
                "Group_10": 0.0
            },
            "Group_8": {
                "Group_0": 0.043010752688172046,
                "Group_1": 0.03488372093023256,
                "Group_2": 0.0,
                "Group_3": 0.0,
                "Group_4": 0.0,
                "Group_5": 0.0,
                "Group_6": 0.0,
                "Group_7": 0.0,
                "Group_9": 1.0,
                "Group_10": 0.0
            },
            "Group_9": {
                "Group_0": 0.0,
                "Group_1": 0.0,
                "Group_2": 0.0,
                "Group_3": 0.0,
                "Group_4": 0.0,
                "Group_5": 0.0,
                "Group_6": 0.0,
                "Group_7": 0.0,
                "Group_8": 0.0,
                "Group_10": 0.0
            },
            "Group_10": {
                "Group_0": 0.0,
                "Group_1": 0.011627906976744186,
                "Group_2": 0.0,
                "Group_3": 0.0,
                "Group_4": 0.0,
                "Group_5": 0.0,
                "Group_6": 0.0,
                "Group_7": 0.0,
                "Group_8": 0.0,
                "Group_9": 0.0
            }
        }
    }
}