{
    "母體數": 200,
    "0-Degree": 8,
    "密度(Density)": 0.11756281407035175,
    "密度去0(Density_0)": 0.12759053228621292,
    "互惠率(Reciprocity)": 0.6834793759350288,
    "傳遞性(Transitivity)": 0.38765091057908735,
    "團體凝聚力(Avg Clustering)": 0.4198545845257149,
    "同質性係數(Assortativity)": -0.07740900095052287,
    "核心邊陲結構適配度(Core-periphery Structure Fit)": 0.6594202898550725,
    "Greedy": {
        "Group_Count": 6,
        "Group_Size": [
            90,
            81,
            13,
            4,
            2,
            2
        ],
        "Modularity_Score_Q": 0.159279,
        "Cluster Density": {
            "Group_0": 0.1766541822721598,
            "Group_1": 0.21342592592592594,
            "Group_2": 0.15384615384615385,
            "Group_3": 0.4166666666666667,
            "Group_4": 0.5,
            "Group_5": 0.5
        },
        "Inter-cluster Edge Density": {
            "Group_0": {
                "Group_1": 0.09259259259259259,
                "Group_2": 0.062393162393162394,
                "Group_3": 0.07777777777777778,
                "Group_4": 0.03888888888888889,
                "Group_5": 0.0
            },
            "Group_1": {
                "Group_0": 0.09300411522633745,
                "Group_2": 0.08641975308641975,
                "Group_3": 0.07716049382716049,
                "Group_4": 0.037037037037037035,
                "Group_5": 0.0
            },
            "Group_2": {
                "Group_0": 0.07435897435897436,
                "Group_1": 0.07502374169040836,
                "Group_3": 0.019230769230769232,
                "Group_4": 0.0,
                "Group_5": 0.0
            },
            "Group_3": {
                "Group_0": 0.10833333333333334,
                "Group_1": 0.12962962962962962,
                "Group_2": 0.07692307692307693,
                "Group_4": 0.0,
                "Group_5": 0.0
            },
            "Group_4": {
                "Group_0": 0.027777777777777776,
                "Group_1": 0.018518518518518517,
                "Group_2": 0.0,
                "Group_3": 0.0,
                "Group_5": 0.0
            },
            "Group_5": {
                "Group_0": 0.022222222222222223,
                "Group_1": 0.018518518518518517,
                "Group_2": 0.0,
                "Group_3": 0.0,
                "Group_4": 0.0
            }
        }
    },
    "Louvain": {
        "Group_Count": 4,
        "Group_Size": [
            61,
            52,
            45,
            34
        ],
        "Modularity_Score_Q": 0.175413,
        "Cluster Density": {
            "Group_0": 0.24562841530054644,
            "Group_1": 0.2368024132730015,
            "Group_2": 0.16616161616161615,
            "Group_3": 0.22281639928698752
        },
        "Inter-cluster Edge Density": {
            "Group_0": {
                "Group_1": 0.10277427490542244,
                "Group_2": 0.08087431693989071,
                "Group_3": 0.07377049180327869
            },
            "Group_1": {
                "Group_0": 0.10970996216897856,
                "Group_2": 0.07521367521367521,
                "Group_3": 0.11821266968325791
            },
            "Group_2": {
                "Group_0": 0.10018214936247723,
                "Group_1": 0.09188034188034189,
                "Group_3": 0.08823529411764706
            },
            "Group_3": {
                "Group_0": 0.09112825458052073,
                "Group_1": 0.11425339366515837,
                "Group_2": 0.0803921568627451
            }
        }
    },
    "Walktrap": {
        "Group_Count": 12,
        "Group_Size": [
            91,
            86,
            4,
            2,
            2,
            1,
            1,
            1,
            1,
            1,
            1,
            1
        ],
        "Modularity_Score_Q": 0.138099,
        "Cluster Density": {
            "Group_0": 0.18192918192918192,
            "Group_1": 0.19822161422708617,
            "Group_2": 0.4166666666666667,
            "Group_3": 1.0,
            "Group_4": 0.5,
            "Group_5": 0.0,
            "Group_6": 0.0,
            "Group_7": 0.0,
            "Group_8": 0.0,
            "Group_9": 0.0,
            "Group_10": 0.0,
            "Group_11": 0.0
        },
        "Inter-cluster Edge Density": {
            "Group_0": {
                "Group_1": 0.10426782519805776,
                "Group_2": 0.0,
                "Group_3": 0.027472527472527472,
                "Group_4": 0.0,
                "Group_5": 0.01098901098901099,
                "Group_6": 0.01098901098901099,
                "Group_7": 0.01098901098901099,
                "Group_8": 0.01098901098901099,
                "Group_9": 0.0,
                "Group_10": 0.0,
                "Group_11": 0.0
            },
            "Group_1": {
                "Group_0": 0.10925121390237669,
                "Group_2": 0.03197674418604651,
                "Group_3": 0.01744186046511628,
                "Group_4": 0.01744186046511628,
                "Group_5": 0.0,
                "Group_6": 0.011627906976744186,
                "Group_7": 0.0,
                "Group_8": 0.0,
                "Group_9": 0.0,
                "Group_10": 0.0,
                "Group_11": 0.0
            },
            "Group_2": {
                "Group_0": 0.0,
                "Group_1": 0.040697674418604654,
                "Group_3": 0.0,
                "Group_4": 0.0,
                "Group_5": 0.0,
                "Group_6": 0.0,
                "Group_7": 0.0,
                "Group_8": 0.0,
                "Group_9": 0.0,
                "Group_10": 0.0,
                "Group_11": 0.0
            },
            "Group_3": {
                "Group_0": 0.01098901098901099,
                "Group_1": 0.01744186046511628,
                "Group_2": 0.0,
                "Group_4": 0.0,
                "Group_5": 0.0,
                "Group_6": 0.0,
                "Group_7": 0.0,
                "Group_8": 0.0,
                "Group_9": 0.0,
                "Group_10": 0.0,
                "Group_11": 0.0
            },
            "Group_4": {
                "Group_0": 0.0,
                "Group_1": 0.023255813953488372,
                "Group_2": 0.0,
                "Group_3": 0.0,
                "Group_5": 0.0,
                "Group_6": 0.0,
                "Group_7": 0.0,
                "Group_8": 0.0,
                "Group_9": 0.0,
                "Group_10": 0.0,
                "Group_11": 0.0
            },
            "Group_5": {
                "Group_0": 0.0,
                "Group_1": 0.0,
                "Group_2": 0.0,
                "Group_3": 0.0,
                "Group_4": 0.0,
                "Group_6": 0.0,
                "Group_7": 0.0,
                "Group_8": 0.0,
                "Group_9": 0.0,
                "Group_10": 0.0,
                "Group_11": 0.0
            },
            "Group_6": {
                "Group_0": 0.0,
                "Group_1": 0.0,
                "Group_2": 0.0,
                "Group_3": 0.0,
                "Group_4": 0.0,
                "Group_5": 0.0,
                "Group_7": 0.0,
                "Group_8": 0.0,
                "Group_9": 0.0,
                "Group_10": 0.0,
                "Group_11": 0.0
            },
            "Group_7": {
                "Group_0": 0.0,
                "Group_1": 0.0,
                "Group_2": 0.0,
                "Group_3": 0.0,
                "Group_4": 0.0,
                "Group_5": 0.0,
                "Group_6": 0.0,
                "Group_8": 0.0,
                "Group_9": 0.0,
                "Group_10": 0.0,
                "Group_11": 0.0
            },
            "Group_8": {
                "Group_0": 0.02197802197802198,
                "Group_1": 0.0,
                "Group_2": 0.0,
                "Group_3": 0.0,
                "Group_4": 0.0,
                "Group_5": 0.0,
                "Group_6": 0.0,