{"母體數": 200, "密度(Density)": 0.11756281407035175, "互惠率(Reciprocity)": 0.6834793759350288, "傳遞性(Transitivity)": 0.38765091057908735, "0-Degree": 8, "團體凝聚力(Avg Clustering)": 0.4030604011446863}